Rk,Player,Team,Streak,Streak Started,Streak Ended,Active,G,GS,MP,FG,FGA,FG%,2P,2PA,2P%,3P,3PA,3P%,FT,FTA,FT%,TS%,ORB,DRB,TRB,AST,STL,BLK,Trp-Dbl,DbDbs,TOV,PF,PTS,GmSc,+/-,BPM,Ind. Games Link,Player-additional
1,Karl-Anthony Towns,NYK,3,2025-02-11,2025-02-20,,3,3,128,42,78,.538,30,50,.600,12,28,.429,20,24,.833,.655,7,33,40,10,7,0,0,3,12,11,116,29.7,23,6.3,Games List,townska01
2,Karl-Anthony Towns,NYK,3,2024-12-28,2025-01-01,,3,3,113,36,58,.621,31,44,.705,5,14,.357,16,19,.842,.701,10,38,48,8,2,3,0,3,6,10,93,27.9,40,6.2,Games List,townska01
3,Karl-Anthony Towns,NYK,3,2024-11-06,2024-11-10,,3,3,109,34,62,.548,23,40,.575,11,22,.500,17,20,.850,.678,9,27,36,6,1,4,0,2,7,10,96,25.5,-1,6.0,Games List,townska01
4,Karl-Anthony Towns,MIN,3,2021-11-29,2021-12-06,,3,3,106,35,71,.493,28,57,.491,7,14,.500,20,26,.769,.588,11,23,34,9,1,2,0,2,12,14,97,21.5,-19,4.2,Games List,townska01
5,Karl-Anthony Towns,MIN,3,2020-01-22,2020-01-25,,3,3,94,41,70,.586,31,48,.646,10,22,.455,15,17,.882,.691,6,20,26,11,2,4,0,1,9,10,107,27.8,-9,13.7,Games List,townska01
6,Karl-Anthony Towns,MIN,3,2019-04-07,2019-10-25,,3,3,100,35,58,.603,24,39,.615,11,19,.579,27,35,.771,.736,7,29,36,13,9,6,0,2,10,12,108,33.1,27,18.3,Games List,townska01
7,Karl-Anthony Towns,MIN,3,2019-02-25,2019-02-28,,3,3,106,40,66,.606,29,43,.674,11,23,.478,22,33,.667,.702,13,43,56,12,0,4,0,3,9,16,113,32.1,10,14.0,Games List,townska01
8,Karl-Anthony Towns,MIN,2,2022-03-14,2022-03-16,,2,2,62,27,46,.587,19,32,.594,8,14,.571,28,29,.966,.766,4,21,25,4,1,1,0,1,12,9,90,33.1,33,8.5,Games List,townska01
9,Karl-Anthony Towns,MIN,2,2021-04-07,2021-04-09,,2,2,77,22,39,.564,16,24,.667,6,15,.400,12,14,.857,.686,5,19,24,13,1,1,0,2,10,7,62,25.0,5,3.3,Games List,townska01
10,Karl-Anthony Towns,MIN,2,2021-04-02,2021-04-03,,2,2,78,22,48,.458,17,28,.607,5,20,.250,20,21,.952,.603,5,25,30,7,2,2,0,2,2,10,69,28.6,-7,7.3,Games List,townska01
11,Karl-Anthony Towns,MIN,2,2019-03-09,2019-03-12,,2,2,69,29,49,.592,23,36,.639,6,13,.462,10,10,1.000,.693,7,18,25,5,2,4,0,2,5,5,74,31.5,-14,12.9,Games List,townska01
12,Karl-Anthony Towns,MIN,2,2018-12-28,2018-12-30,,2,2,80,22,41,.537,18,31,.581,4,10,.400,17,24,.708,.630,17,20,37,12,4,9,0,2,7,9,65,34.2,16,14.3,Games List,townska01
13,Karl-Anthony Towns,MIN,2,2018-03-11,2018-03-13,,2,2,80,26,41,.634,21,33,.636,5,8,.625,11,13,.846,.728,8,18,26,5,2,2,0,2,2,9,68,30.6,15,12.0,Games List,townska01
14,Karl-Anthony Towns,MIN,2,2017-04-07,2017-04-09,,2,2,73,29,43,.674,25,36,.694,4,7,.571,10,13,.769,.739,6,28,34,6,2,1,0,2,6,7,72,31.5,5,11.4,Games List,townska01
15,Karl-Anthony Towns,MIN,2,2017-03-28,2017-03-30,,2,2,82,23,44,.523,18,35,.514,5,9,.556,18,20,.900,.653,8,13,21,3,3,2,0,1,4,6,69,28.1,22,5.0,Games List,townska01
16,Karl-Anthony Towns,MIN,2,2017-03-17,2017-03-19,,2,2,77,25,44,.568,20,33,.606,5,11,.455,9,10,.900,.661,8,9,17,3,1,1,0,1,6,5,64,23.5,-36,2.3,Games List,townska01
17,Karl-Anthony Towns,MIN,2,2017-03-11,2017-03-13,,2,2,75,31,47,.660,26,38,.684,5,9,.556,7,9,.778,.726,7,20,27,3,2,2,0,2,4,6,74,31.4,1,13.8,Games List,townska01
18,Karl-Anthony Towns,MIN,2,2017-01-26,2017-01-28,,2,2,74,28,50,.560,22,41,.537,6,9,.667,8,12,.667,.633,6,17,23,5,3,4,0,2,4,3,70,29.0,10,9.3,Games List,townska01
19,Karl-Anthony Towns,MIN,2,2017-01-19,2017-01-22,,2,2,81,30,43,.698,29,41,.707,1,2,.500,8,10,.800,.728,7,17,24,12,1,4,0,2,8,7,69,30.8,11,13.0,Games List,townska01
20,Karl-Anthony Towns,MIN,2,2016-11-03,2016-11-05,,2,2,69,24,39,.615,19,31,.613,5,8,.625,12,15,.800,.713,9,11,20,2,1,3,0,1,5,5,65,26.6,-20,13.7,Games List,townska01
